[
    {
        "index": 0,
        "start": 0.016880343092812434,
        "end": 0.8738375631305907,
        "is_zero_trace": true,
        "max_number_of_nodes": 0,
        "elapsed": "51 minutes and 25.05 seconds"
    },
    {
        "index": 1,
        "start": 0.8926127766900592,
        "end": 0.8926127766900592,
        "is_zero_trace": true,
        "max_number_of_nodes": 1,
        "elapsed": "0 seconds"
    },
    {
        "index": 2,
        "start": 0.911223580704795,
        "end": 1.3416674909326765,
        "is_zero_trace": true,
        "max_number_of_nodes": 0,
        "elapsed": "25 minutes and 49.60 seconds"
    },
    {
        "index": 3,
        "start": 1.360496060119735,
        "end": 1.379150147040685,
        "is_zero_trace": false,
        "max_number_of_nodes": 1,
        "elapsed": "1 minute and 7.15 seconds"
    },
    {
        "index": 4,
        "start": 1.3977520464526283,
        "end": 1.8826421187321345,
        "is_zero_trace": true,
        "max_number_of_nodes": 0,
        "elapsed": "29 minutes and 5.60 seconds"
    },
    {
        "index": 5,
        "start": 1.90131757206387,
        "end": 1.9570381727483537,
        "is_zero_trace": false,
        "max_number_of_nodes": 1,
        "elapsed": "3 minutes and 20.59 seconds"
    },
    {
        "index": 6,
        "start": 1.9755848435560863,
        "end": 2.0685129181543984,
        "is_zero_trace": true,
        "max_number_of_nodes": 0,
        "elapsed": "5 minutes and 34.54 seconds"
    },
    {
        "index": 7,
        "start": 2.0871324410703447,
        "end": 2.1057607339488134,
        "is_zero_trace": false,
        "max_number_of_nodes": 1,
        "elapsed": "1 minute and 7.06 seconds"
    },
    {
        "index": 8,
        "start": 2.1244630070527393,
        "end": 4.085056350628535,
        "is_zero_trace": true,
        "max_number_of_nodes": 0,
        "elapsed": "1 hour, 57 minutes and 38.14 seconds"
    },
    {
        "index": 9,
        "start": 4.103759679264493,
        "end": 4.141162689261966,
        "is_zero_trace": false,
        "max_number_of_nodes": 1,
        "elapsed": "2 minutes and 14.65 seconds"
    },
    {
        "index": 10,
        "start": 4.16006891005569,
        "end": 6.124053152071105,
        "is_zero_trace": true,
        "max_number_of_nodes": 0,
        "elapsed": "1 hour, 57 minutes and 50.34 seconds"
    }
]