[
    {
        "index": 0,
        "start": 0.008769537409146627,
        "end": 0.1331443691253662,
        "is_zero_trace": false,
        "max_number_of_nodes": 1,
        "elapsed": "7 minutes and 27.75 seconds"
    },
    {
        "index": 1,
        "start": 0.15111975457933213,
        "end": 0.27712056828869713,
        "is_zero_trace": true,
        "max_number_of_nodes": 0,
        "elapsed": "7 minutes and 33.60 seconds"
    },
    {
        "index": 2,
        "start": 0.2952633205387327,
        "end": 0.3133601450920105,
        "is_zero_trace": false,
        "max_number_of_nodes": 1,
        "elapsed": "1 minute and 5.15 seconds"
    },
    {
        "index": 3,
        "start": 0.33123085021972654,
        "end": 1.405712940957811,
        "is_zero_trace": true,
        "max_number_of_nodes": 0,
        "elapsed": "1 hour, 4 minutes and 28.14 seconds"
    }
]