[
    {
        "index": 0,
        "start": 0.004345529609256321,
        "end": 0.09214180449644725,
        "is_zero_trace": true,
        "max_number_of_nodes": 0,
        "elapsed": "5 minutes and 16.07 seconds"
    },
    {
        "index": 1,
        "start": 0.10968079414632585,
        "end": 0.12732813828521305,
        "is_zero_trace": false,
        "max_number_of_nodes": 1,
        "elapsed": "1 minute and 3.53 seconds"
    },
    {
        "index": 2,
        "start": 0.14512093060546452,
        "end": 0.334575425585111,
        "is_zero_trace": true,
        "max_number_of_nodes": 0,
        "elapsed": "11 minutes and 22.04 seconds"
    },
    {
        "index": 3,
        "start": 0.35254603690571257,
        "end": 0.37059592869546676,
        "is_zero_trace": false,
        "max_number_of_nodes": 1,
        "elapsed": "1 minute and 4.98 seconds"
    },
    {
        "index": 4,
        "start": 0.3886361885070801,
        "end": 3.1241192642847695,
        "is_zero_trace": true,
        "max_number_of_nodes": 0,
        "elapsed": "2 hours, 44 minutes and 7.74 seconds"
    },
    {
        "index": 5,
        "start": 3.14190160340733,
        "end": 3.14190160340733,
        "is_zero_trace": true,
        "max_number_of_nodes": 1,
        "elapsed": "0 seconds"
    },
    {
        "index": 6,
        "start": 3.1597100553247666,
        "end": 6.023255346218745,
        "is_zero_trace": true,
        "max_number_of_nodes": 0,
        "elapsed": "2 hours, 51 minutes and 48.76 seconds"
    }
]