[
    {
        "index": 0,
        "start": 0.011557583411534627,
        "end": 0.08460370454523299,
        "is_zero_trace": true,
        "max_number_of_nodes": 0,
        "elapsed": "4 minutes and 22.97 seconds"
    },
    {
        "index": 1,
        "start": 0.10295429090658824,
        "end": 0.6766196044286092,
        "is_zero_trace": false,
        "max_number_of_nodes": 2,
        "elapsed": "34 minutes and 25.20 seconds"
    },
    {
        "index": 2,
        "start": 0.6950080074866613,
        "end": 0.8600565946102142,
        "is_zero_trace": true,
        "max_number_of_nodes": 0,
        "elapsed": "9 minutes and 54.17 seconds"
    },
    {
        "index": 3,
        "start": 0.8782076847553253,
        "end": 0.9512754131025738,
        "is_zero_trace": false,
        "max_number_of_nodes": 1,
        "elapsed": "4 minutes and 23.04 seconds"
    },
    {
        "index": 4,
        "start": 0.9695139068365097,
        "end": 1.061442554195722,
        "is_zero_trace": true,
        "max_number_of_nodes": 0,
        "elapsed": "5 minutes and 30.94 seconds"
    },
    {
        "index": 5,
        "start": 1.0799190739790598,
        "end": 1.1348508620262145,
        "is_zero_trace": false,
        "max_number_of_nodes": 1,
        "elapsed": "3 minutes and 17.75 seconds"
    },
    {
        "index": 6,
        "start": 1.1533181930912866,
        "end": 1.1533181930912866,
        "is_zero_trace": true,
        "max_number_of_nodes": 0,
        "elapsed": "0 seconds"
    },
    {
        "index": 7,
        "start": 1.1718732078870138,
        "end": 1.1718732078870138,
        "is_zero_trace": true,
        "max_number_of_nodes": 1,
        "elapsed": "0 seconds"
    },
    {
        "index": 8,
        "start": 1.1903866255283355,
        "end": 1.3375479590892791,
        "is_zero_trace": true,
        "max_number_of_nodes": 0,
        "elapsed": "8 minutes and 49.78 seconds"
    },
    {
        "index": 9,
        "start": 1.356166487203704,
        "end": 1.356166487203704,
        "is_zero_trace": true,
        "max_number_of_nodes": 1,
        "elapsed": "0 seconds"
    },
    {
        "index": 10,
        "start": 1.3746626467837229,
        "end": 1.4488806623220443,
        "is_zero_trace": true,
        "max_number_of_nodes": 0,
        "elapsed": "4 minutes and 27.18 seconds"
    },
    {
        "index": 11,
        "start": 1.4675705593162114,
        "end": 1.5231984694136513,
        "is_zero_trace": false,
        "max_number_of_nodes": 1,
        "elapsed": "3 minutes and 20.26 seconds"
    },
    {
        "index": 12,
        "start": 1.5416012130843268,
        "end": 1.6527255751689276,
        "is_zero_trace": true,
        "max_number_of_nodes": 0,
        "elapsed": "6 minutes and 40.05 seconds"
    },
    {
        "index": 13,
        "start": 1.6713368456893498,
        "end": 1.690006319284439,
        "is_zero_trace": false,
        "max_number_of_nodes": 1,
        "elapsed": "1 minute and 7.21 seconds"
    },
    {
        "index": 14,
        "start": 1.7084253946940104,
        "end": 1.801205930246247,
        "is_zero_trace": true,
        "max_number_of_nodes": 0,
        "elapsed": "5 minutes and 34.01 seconds"
    },
    {
        "index": 15,
        "start": 1.8198602143261167,
        "end": 2.024488305449486,
        "is_zero_trace": false,
        "max_number_of_nodes": 1,
        "elapsed": "12 minutes and 16.66 seconds"
    },
    {
        "index": 16,
        "start": 2.042992357744111,
        "end": 2.042992357744111,
        "is_zero_trace": true,
        "max_number_of_nodes": 0,
        "elapsed": "0 seconds"
    },
    {
        "index": 17,
        "start": 2.0615983679559498,
        "end": 2.1734733119938108,
        "is_zero_trace": false,
        "max_number_of_nodes": 1,
        "elapsed": "6 minutes and 42.75 seconds"
    },
    {
        "index": 18,
        "start": 2.1919662884871163,
        "end": 2.358312426408132,
        "is_zero_trace": true,
        "max_number_of_nodes": 0,
        "elapsed": "9 minutes and 58.85 seconds"
    },
    {
        "index": 19,
        "start": 2.3770249850882426,
        "end": 9.145961302849981,
        "is_zero_trace": false,
        "max_number_of_nodes": 2,
        "elapsed": "6 hours, 46 minutes and 8.17 seconds"
    }
]