[
    {
        "index": 0,
        "start": 0.0062321833107206554,
        "end": 0.4346386621395747,
        "is_zero_trace": false,
        "max_number_of_nodes": 1,
        "elapsed": "25 minutes and 42.26 seconds"
    },
    {
        "index": 1,
        "start": 0.44394473678535884,
        "end": 2.1368980544143255,
        "is_zero_trace": true,
        "max_number_of_nodes": 0,
        "elapsed": "1 hour, 41 minutes and 34.63 seconds"
    },
    {
        "index": 2,
        "start": 2.1458156201574536,
        "end": 2.243297607501348,
        "is_zero_trace": false,
        "max_number_of_nodes": 3,
        "elapsed": "5 minutes and 50.94 seconds"
    },
    {
        "index": 3,
        "start": 2.252484738296933,
        "end": 2.9302116246355903,
        "is_zero_trace": true,
        "max_number_of_nodes": 0,
        "elapsed": "40 minutes and 39.82 seconds"
    },
    {
        "index": 4,
        "start": 2.9394886926809947,
        "end": 3.760648441778289,
        "is_zero_trace": false,
        "max_number_of_nodes": 4,
        "elapsed": "49 minutes and 16.18 seconds"
    },
    {
        "index": 5,
        "start": 3.770461687180731,
        "end": 6.033714764250649,
        "is_zero_trace": true,
        "max_number_of_nodes": 0,
        "elapsed": "2 hours, 15 minutes and 47.71 seconds"
    }
]